{"cameraMode":{"drawMode":0,"name":"Shaded","section":"Shading Mode"},"sceneLighting":true,"audioPlay":false,"sceneViewState":{"m_AlwaysRefresh":false,"showFog":true,"showSkybox":true,"showFlares":true,"showImageEffects":true,"showParticleSystems":true,"showVisualEffectGraphs":true,"m_FxEnabled":true},"in2DMode":false,"pivot":{"x":-226.65365600585938,"y":-9.051538467407227,"z":-11.773536682128907},"rotation":{"x":0.08090710639953613,"y":-0.08659040927886963,"z":0.007101118098944426,"w":0.9930186867713928},"size":8.018030166625977,"orthographic":false}