{"cameraMode":{"drawMode":0,"name":"Shaded","section":"Shading Mode"},"sceneLighting":false,"audioPlay":false,"sceneViewState":{"m_AlwaysRefresh":false,"showFog":true,"showSkybox":true,"showFlares":true,"showImageEffects":true,"showParticleSystems":true,"showVisualEffectGraphs":true,"m_FxEnabled":true},"in2DMode":false,"pivot":{"x":-7.263772010803223,"y":-9.073502540588379,"z":-43.08696746826172},"rotation":{"x":0.0012037893757224084,"y":0.06175536289811134,"z":-0.0002138486597687006,"w":-0.9982253313064575},"size":5.398677349090576,"orthographic":false}