{"cameraMode":{"drawMode":0,"name":"Shaded","section":"Shading Mode"},"sceneLighting":true,"audioPlay":false,"sceneViewState":{"m_AlwaysRefresh":true,"showFog":true,"showSkybox":true,"showFlares":true,"showImageEffects":true,"showParticleSystems":true,"showVisualEffectGraphs":true,"m_FxEnabled":false},"in2DMode":false,"pivot":{"x":17.570058822631837,"y":-19.53797721862793,"z":-26.78931427001953},"rotation":{"x":0.011982575990259648,"y":-0.04648400470614433,"z":0.0006958655430935323,"w":0.998923659324646},"size":1.6319122314453126,"orthographic":false}