{"cameraMode":{"drawMode":0,"name":"Shaded","section":"Shading Mode"},"sceneLighting":true,"audioPlay":false,"sceneViewState":{"m_AlwaysRefresh":true,"showFog":true,"showSkybox":true,"showFlares":true,"showImageEffects":true,"showParticleSystems":true,"showVisualEffectGraphs":true,"m_FxEnabled":false},"in2DMode":false,"pivot":{"x":31.83478355407715,"y":3.5650150775909426,"z":0.28191134333610537},"rotation":{"x":0.03593507409095764,"y":0.517560601234436,"z":-0.021721070632338525,"w":0.8546670079231262},"size":6.598686218261719,"orthographic":false}