{"cameraMode":{"drawMode":0,"name":"Shaded","section":"Shading Mode"},"sceneLighting":true,"audioPlay":false,"sceneViewState":{"m_AlwaysRefresh":true,"showFog":true,"showSkybox":true,"showFlares":true,"showImageEffects":true,"showParticleSystems":true,"showVisualEffectGraphs":true,"m_FxEnabled":false},"in2DMode":false,"pivot":{"x":21.75342559814453,"y":-15.146153450012207,"z":4.568808555603027},"rotation":{"x":0.06725991517305374,"y":-0.07266383618116379,"z":0.005126564763486385,"w":0.995149552822113},"size":6.643774032592773,"orthographic":false}