{"cameraMode":{"drawMode":0,"name":"Shaded","section":"Shading Mode"},"sceneLighting":true,"audioPlay":false,"sceneViewState":{"m_AlwaysRefresh":true,"showFog":true,"showSkybox":true,"showFlares":true,"showImageEffects":true,"showParticleSystems":true,"showVisualEffectGraphs":true,"m_FxEnabled":true},"in2DMode":false,"pivot":{"x":-11.047274589538575,"y":-3.1343417167663576,"z":-36.68762969970703},"rotation":{"x":0.03756556659936905,"y":0.035335179418325427,"z":0.0009936608839780093,"w":0.9990969300270081},"size":19.73309898376465,"orthographic":false}