{"cameraMode":{"drawMode":0,"name":"Shaded","section":"Shading Mode"},"sceneLighting":true,"audioPlay":false,"sceneViewState":{"m_AlwaysRefresh":true,"showFog":true,"showSkybox":true,"showFlares":true,"showImageEffects":true,"showParticleSystems":true,"showVisualEffectGraphs":true,"m_FxEnabled":false},"in2DMode":false,"pivot":{"x":-0.9903903603553772,"y":0.5948560833930969,"z":4.179300308227539},"rotation":{"x":0.028491562232375146,"y":-0.018593251705169679,"z":0.000563108769711107,"w":0.9994461536407471},"size":1.7660253047943116,"orthographic":false}