{"cameraMode":{"drawMode":0,"name":"Shaded","section":"Shading Mode"},"sceneLighting":true,"audioPlay":false,"sceneViewState":{"m_AlwaysRefresh":true,"showFog":true,"showSkybox":true,"showFlares":true,"showImageEffects":true,"showParticleSystems":true,"showVisualEffectGraphs":true,"m_FxEnabled":false},"in2DMode":false,"pivot":{"x":5.770139694213867,"y":1.3301323652267457,"z":-7.993484020233154},"rotation":{"x":-0.036999110132455829,"y":-0.15968579053878785,"z":0.006072951015084982,"w":-0.9865657091140747},"size":0.8660253882408142,"orthographic":false}