{"cameraMode":{"drawMode":0,"name":"Shaded","section":"Shading Mode"},"sceneLighting":true,"audioPlay":false,"sceneViewState":{"m_AlwaysRefresh":true,"showFog":true,"showSkybox":true,"showFlares":true,"showImageEffects":true,"showParticleSystems":true,"showVisualEffectGraphs":true,"m_FxEnabled":true},"in2DMode":false,"pivot":{"x":-15.401100158691407,"y":-10.50204086303711,"z":-32.82923126220703},"rotation":{"x":-0.06290168315172196,"y":-0.042818617075681689,"z":-0.0027155547868460418,"w":0.9971217513084412},"size":7.313507556915283,"orthographic":false}