{"cameraMode":{"drawMode":0,"name":"Shaded","section":"Shading Mode"},"sceneLighting":true,"audioPlay":false,"sceneViewState":{"m_AlwaysRefresh":true,"showFog":true,"showSkybox":true,"showFlares":true,"showImageEffects":true,"showParticleSystems":true,"showVisualEffectGraphs":true,"m_FxEnabled":true},"in2DMode":false,"pivot":{"x":-132.44139099121095,"y":-16.47195816040039,"z":1.0318185091018677},"rotation":{"x":0.025811737403273584,"y":-0.008703240193426609,"z":0.0002111411449732259,"w":0.9998315572738648},"size":15.144930839538575,"orthographic":false}