{"cameraMode":{"drawMode":0,"name":"Shaded","section":"Shading Mode"},"sceneLighting":false,"audioPlay":false,"sceneViewState":{"m_AlwaysRefresh":true,"showFog":true,"showSkybox":false,"showFlares":true,"showImageEffects":true,"showParticleSystems":true,"showVisualEffectGraphs":true,"m_FxEnabled":false},"in2DMode":false,"pivot":{"x":0.22867584228515626,"y":1.2488473653793336,"z":-0.03527212142944336},"rotation":{"x":0.005781014449894428,"y":0.9827985167503357,"z":-0.18340842425823213,"w":0.03006444126367569},"size":2.912315845489502,"orthographic":false}