{"cameraMode":{"drawMode":0,"name":"Shaded","section":"Shading Mode"},"sceneLighting":false,"audioPlay":false,"sceneViewState":{"m_AlwaysRefresh":true,"showFog":true,"showSkybox":false,"showFlares":true,"showImageEffects":true,"showParticleSystems":true,"showVisualEffectGraphs":true,"m_FxEnabled":false},"in2DMode":false,"pivot":{"x":-0.00000286102294921875,"y":-0.8188416957855225,"z":0.6298717856407166},"rotation":{"x":0.005781014449894428,"y":0.9827985167503357,"z":-0.18340842425823213,"w":0.03006444126367569},"size":12.753865242004395,"orthographic":false}